{"Badhus": [[59.44794994058488, 18.09073220888018], [59.44327283001473, 18.065148230546228], [59.3940580882556, 18.0465748756148], [59.44294690341515, 17.951456125147537], [59.34213307384247, 17.92922574800689], [59.36848145660429, 17.96696396344869], [59.373678599785706, 18.00764687527639], [59.347172347378155, 18.078902018640967], [59.352239168351254, 18.148202266792293], [59.30473033637376, 18.075206029221288], [59.31069541706914, 18.1539393711438], [59.293319676076614, 17.977897819740964], [59.2851454870178, 18.094011376277788], [59.314113235604886, 18.07295482853831], [59.33091714763001, 18.037861816003097], [59.41874666361195, 17.824867463846186]], "Tennishall": [[59.3501962370499, 18.095751708652116], [59.34874720119235, 18.08313804196687], [59.3324466676996, 17.981359732506032], [59.375556381577084, 17.986536438679696], [59.33758858955645, 18.00321046868277], [59.41604246528463, 18.04245433894756], [59.44350160117587, 18.100037886323506], [59.287983965333936, 17.954513484329027], [59.304545335829054, 18.07071649876507], [59.38433664402812, 17.894767876148297], [59.44987318401051, 17.967173646558418], [59.37118119512312, 18.15961267171182], [59.2879047834095, 18.057986242840663]], "Discgolfbana_18": [[59.32350186795648, 17.911360196467406], [59.45063248709513, 17.9691486511224], [59.46162211388245, 18.049088564443075], [59.4893221976484, 18.305325544593938], [59.40252647092484, 17.898801867490835], [59.21778694999464, 17.96743346242743], [59.164689681994815, 18.124480022234106], [59.136804455813, 18.103454681479874], [59.49232613948348, 17.71946439217541]], "Discgolfbana_9": [[59.39138180094271, 18.066490231019213], [59.384711530750664, 18.032091005887377], [59.334133684955916, 18.12819468549615], [59.34409035598181, 17.95766743127115], [59.388695875477445, 17.960269810262897], [59.38106748939514, 18.182999276899434], [59.31398403600785, 18.051342384182814], [59.50819458918449, 17.905708709034503]], "Mataff\u00e4r": [[59.45942049110496, 18.137812949509772], [59.44482721528757, 18.07319897568153], [59.37965345565431, 17.948142418126775], [59.361951173833575, 17.964295358587435], [59.40852027801632, 17.84261343915583], [59.437645403161284, 17.93234304321843], [59.370421175759496, 17.855948553536024], [59.33452448584052, 18.032917674939775], [59.31870062061573, 18.056967291904893], [59.34855784401132, 18.152145376742485], [59.30466053361985, 18.12951678272072], [59.275513878330834, 18.012816523256696], [59.276398254296936, 17.9087208469111], [59.39844778002036, 18.03607397787578], [59.42714087161466, 17.950889922337314], [59.35875758139302, 17.98053014518063], [59.35514929495639, 17.955900121105348], [59.34718999741302, 18.11308098944579], [59.30928937656159, 18.02412055333962], [59.31230706389273, 18.065861265887122], [59.413953984785884, 17.863957282494365], [59.3589016028862, 18.002787389164666], [59.3853467985427, 18.045151211524637], [59.44339525869676, 18.09864435524354], [59.43001565086347, 17.936159459520844], [59.36115730588976, 17.96932022031216], [59.361034677016875, 17.874944186292968], [59.36334624505896, 18.12350647820769], [59.28526198369383, 18.050227149359138], [59.30203198601589, 18.102494629797835], [59.37751124823749, 17.908303123309892], [59.43996564769844, 18.037970470308885]], "Kommunikation": [[59.33081705024508, 18.058704819937034], [59.34284718480286, 18.04959980950945]], "Multimat": [[59.360427753860264, 17.87511813412005], [59.37599822460281, 17.969157187280697], [59.409967134253826, 17.84283263273642], [59.393738577854975, 17.903280631046417], [59.29459996620017, 17.933771869543538]]}